,asr,asr,honest_rej,honest_rej,macro_f1,macro_f1,epsilon
scenario,adaptive_tol,adaptive_tol_f30,adaptive_tol,adaptive_tol_f30,adaptive_tol,adaptive_tol_f30,"RDP, delta=1e-05"
arm,,,,,,,
faithful_root_t-0.3,0.0020443901445734,0.00805538586845855,0.012083333333333331,0.025238095238095237,0.6449147282607726,0.5708330485026275,
faithful_root_t-0.3_clip,1.628996131134e-05,5.701486458968999e-05,0.007916666666666666,0.004285714285714286,0.6654407873120864,0.6414024461714201,
faithful_root_t-0.3_clipnoise_z0.5,0.01376094481775604,0.02269598859702705,0.003333333333333333,0.0009523809523809525,0.6648635161108073,0.6433737025059966,112.56537912599764
faithful_root_t-0.3_all_z1.0,0.0069558134799429655,0.01071064956220726,0.0,0.0,0.6317348613618907,0.5916673042258016,41.285057226388886
trimmed_mean,9.36672775402e-05,3.665241295051e-05,,,0.6487647555449477,0.5971904270134203,
multi_krum,0.0,0.0,0.12541666666666668,0.001904761904761905,0.6831645442671223,0.6929133912061909,
fedavg,0.0029077580940745007,0.0,,,0.39296136070041465,0.04627528055026247,
