A,B,scenario,metric,mean_diff,ci95_t,wins,n
faithful_root_t-0.3,fedavg,adaptive_tol,final_macro_f1,0.2519533675603579,0.07296005132388282,10,10
faithful_root_t-0.3,secure_norm_only,adaptive_tol,final_macro_f1,0.24686309529120498,0.07392216207595773,10,10
faithful_root_t-0.3,multi_krum,adaptive_tol,final_macro_f1,-0.03824981600634968,0.03127443673666934,1,10
faithful_root_t-0.3,trimmed_mean,adaptive_tol,final_macro_f1,-0.0038500272841752504,0.024262144202577628,4,10
faithful_root_t-0.3_clip,fedavg,adaptive_tol,final_macro_f1,0.27247942661167174,0.07350555636391824,10,10
faithful_root_t-0.3_clip,secure_norm_only,adaptive_tol,final_macro_f1,0.2673891543425189,0.07489466021160775,10,10
faithful_root_t-0.3_clip,multi_krum,adaptive_tol,final_macro_f1,-0.017723756955035773,0.027509626108707285,3,10
faithful_root_t-0.3_clip,trimmed_mean,adaptive_tol,final_macro_f1,0.016676031767138656,0.015215166106609612,7,10
faithful_root_t-0.3_clip,faithful_root_t-0.3,adaptive_tol,final_macro_f1,0.020526059051313904,0.020999994747475822,7,10
faithful_root_t-0.3_clipnoise_z0.5,fedavg,adaptive_tol,final_macro_f1,0.27190215541039264,0.0716396819527273,10,10
faithful_root_t-0.3_clipnoise_z0.5,secure_norm_only,adaptive_tol,final_macro_f1,0.26681188314123977,0.07312936878913277,10,10
faithful_root_t-0.3_clipnoise_z0.5,multi_krum,adaptive_tol,final_macro_f1,-0.018301028156314857,0.02358361348768238,2,10
faithful_root_t-0.3_clipnoise_z0.5,trimmed_mean,adaptive_tol,final_macro_f1,0.01609876056585957,0.014751612902385301,9,10
faithful_root_t-0.3_clipnoise_z0.5,faithful_root_t-0.3,adaptive_tol,final_macro_f1,0.019948787850034823,0.017926357476338393,9,10
faithful_root_t-0.3_all_z1.0,fedavg,adaptive_tol,final_macro_f1,0.23877350066147604,0.06819312367918803,10,10
faithful_root_t-0.3_all_z1.0,secure_norm_only,adaptive_tol,final_macro_f1,0.2336832283923232,0.07185092890062744,10,10
faithful_root_t-0.3_all_z1.0,multi_krum,adaptive_tol,final_macro_f1,-0.05142968290523149,0.025745317186543812,0,10
faithful_root_t-0.3_all_z1.0,trimmed_mean,adaptive_tol,final_macro_f1,-0.01702989418305706,0.0207704679535867,4,10
faithful_root_t-0.3_all_z1.0,faithful_root_t-0.3,adaptive_tol,final_macro_f1,-0.01317986689888181,0.03765458817978728,5,10
faithful_root_t-0.3,fedavg,adaptive_tol_f30,final_macro_f1,0.5245577679523651,0.05270888775129096,10,10
faithful_root_t-0.3,secure_norm_only,adaptive_tol_f30,final_macro_f1,0.5313415870931129,0.053246413743571204,10,10
faithful_root_t-0.3,multi_krum,adaptive_tol_f30,final_macro_f1,-0.12208034270356342,0.03505801088523467,0,10
faithful_root_t-0.3,trimmed_mean,adaptive_tol_f30,final_macro_f1,-0.026357378510792805,0.03390972239565676,2,10
faithful_root_t-0.3_clip,fedavg,adaptive_tol_f30,final_macro_f1,0.5951271656211576,0.044922559600493905,10,10
faithful_root_t-0.3_clip,secure_norm_only,adaptive_tol_f30,final_macro_f1,0.6019109847619055,0.043588980153890504,10,10
faithful_root_t-0.3_clip,multi_krum,adaptive_tol_f30,final_macro_f1,-0.05151094503477085,0.03179212805235996,1,10
faithful_root_t-0.3_clip,trimmed_mean,adaptive_tol_f30,final_macro_f1,0.04421201915799977,0.03054554534921707,9,10
faithful_root_t-0.3_clip,faithful_root_t-0.3,adaptive_tol_f30,final_macro_f1,0.07056939766879258,0.030832545686069628,10,10
faithful_root_t-0.3_clipnoise_z0.5,fedavg,adaptive_tol_f30,final_macro_f1,0.5970984219557341,0.04414259647300607,10,10
faithful_root_t-0.3_clipnoise_z0.5,secure_norm_only,adaptive_tol_f30,final_macro_f1,0.6038822410964819,0.04340341841032222,10,10
faithful_root_t-0.3_clipnoise_z0.5,multi_krum,adaptive_tol_f30,final_macro_f1,-0.04953968870019437,0.027054421191731935,0,10
faithful_root_t-0.3_clipnoise_z0.5,trimmed_mean,adaptive_tol_f30,final_macro_f1,0.046183275492576246,0.02686626907942686,9,10
faithful_root_t-0.3_clipnoise_z0.5,faithful_root_t-0.3,adaptive_tol_f30,final_macro_f1,0.07254065400336905,0.02909829035888545,10,10
faithful_root_t-0.3_all_z1.0,fedavg,adaptive_tol_f30,final_macro_f1,0.5453920236755391,0.04986063365619459,10,10
faithful_root_t-0.3_all_z1.0,secure_norm_only,adaptive_tol_f30,final_macro_f1,0.5521758428162868,0.052623676677000575,10,10
faithful_root_t-0.3_all_z1.0,multi_krum,adaptive_tol_f30,final_macro_f1,-0.10124608698038935,0.03552459498575477,0,10
faithful_root_t-0.3_all_z1.0,trimmed_mean,adaptive_tol_f30,final_macro_f1,-0.005523122787618723,0.03645164717707522,3,10
faithful_root_t-0.3_all_z1.0,faithful_root_t-0.3,adaptive_tol_f30,final_macro_f1,0.020834255723174083,0.04754408208927965,6,10
