arm,spearman_accept_vs_tv,accept_lowTV,accept_highTV
faithful_prev_t0.0,0.1631416452898444,0.7745098039215685,0.8029411764705883
faithful_root_t-0.3,-0.0071283565680859634,0.9921568627450981,0.996078431372549
faithful_root_t-0.3_all_z0.5,0.08165839678365736,0.9970588235294118,1.0
faithful_root_t-0.3_all_z1.0,-0.012186118358635836,1.0,1.0
faithful_root_t-0.3_all_z2.0,,1.0,1.0
faithful_root_t-0.3_clip,0.13165291688997738,0.9950980392156863,1.0
faithful_root_t-0.3_clipnoise_z0.5,-0.007756739700746147,0.9970588235294118,0.9990196078431373
faithful_root_t-0.3_kappa1.5,-0.5212811925850807,0.8235294117647057,0.3372549019607843
faithful_root_t-0.3_kappa2.5,-0.30161684859308086,0.9578431372549021,0.8598039215686274
faithful_root_t-0.3_kappa5.0,0.01968106904232243,0.9921568627450981,0.9970588235294118
faithful_root_t0.0,-0.035289922868282496,0.8539215686274509,0.8519607843137255
multi_krum,-0.6168284087560597,0.9352941176470588,0.4068627450980392
secure_norm_only,,1.0,1.0
