arm,none,signflip,labelflip,targeted_flip,backdoor,backdoor_boost,adaptive,adaptive_f30
centralized,0.716 +/- 0.005,,,,,,,
local_only,0.536 +/- 0.019,,,,,,,
fedavg,0.706 +/- 0.008,0.091 +/- 0.032,0.673 +/- 0.015,0.689 +/- 0.014,0.693 +/- 0.011,0.704 +/- 0.007,0.393 +/- 0.062,0.046 +/- 0.026
trimmed_mean,0.690 +/- 0.012,0.650 +/- 0.023,0.677 +/- 0.013,0.675 +/- 0.014,0.685 +/- 0.013,0.688 +/- 0.012,0.649 +/- 0.023,0.597 +/- 0.030
multi_krum,0.690 +/- 0.017,0.686 +/- 0.022,0.686 +/- 0.022,0.687 +/- 0.022,0.683 +/- 0.017,0.686 +/- 0.016,0.683 +/- 0.021,0.693 +/- 0.011
secure_norm_only,0.706 +/- 0.008,0.691 +/- 0.014,0.677 +/- 0.017,0.689 +/- 0.014,0.693 +/- 0.011,0.688 +/- 0.015,0.398 +/- 0.063,0.039 +/- 0.023
faithful_prev_t0.0,0.670 +/- 0.031,,,,,,0.012 +/- 0.009,0.017 +/- 0.020
faithful_root_t-0.3,0.708 +/- 0.006,0.696 +/- 0.013,0.695 +/- 0.010,0.696 +/- 0.012,0.693 +/- 0.011,0.689 +/- 0.012,0.679 +/- 0.017,0.646 +/- 0.031
faithful_root_t0.0,0.701 +/- 0.014,0.684 +/- 0.021,0.687 +/- 0.014,0.691 +/- 0.014,0.696 +/- 0.008,0.682 +/- 0.018,0.677 +/- 0.019,0.640 +/- 0.028
faithful_root_t-0.3_kappa1.5,0.688 +/- 0.016,0.683 +/- 0.017,,,,,,0.643 +/- 0.025
faithful_root_t-0.3_kappa2.5,0.703 +/- 0.006,0.693 +/- 0.011,,,,,,0.653 +/- 0.032
faithful_root_t-0.3_kappa5.0,0.708 +/- 0.006,0.696 +/- 0.013,,,,,,0.628 +/- 0.032
faithful_root_t-0.3_clip,0.697 +/- 0.006,0.688 +/- 0.011,,,0.688 +/- 0.012,0.680 +/- 0.013,,0.656 +/- 0.025
faithful_root_t-0.3_clipnoise_z0.5,0.696 +/- 0.012,0.684 +/- 0.013,,,0.685 +/- 0.009,0.677 +/- 0.014,,0.664 +/- 0.018
faithful_root_t-0.3_all_z0.5,0.689 +/- 0.012,0.674 +/- 0.017,,,0.679 +/- 0.008,0.676 +/- 0.009,,0.649 +/- 0.030
faithful_root_t-0.3_all_z1.0,0.680 +/- 0.018,0.657 +/- 0.029,,,0.674 +/- 0.011,0.667 +/- 0.015,,0.625 +/- 0.034
faithful_root_t-0.3_all_z2.0,0.615 +/- 0.031,0.564 +/- 0.040,,,0.606 +/- 0.018,0.588 +/- 0.022,,0.532 +/- 0.047
