,asr,asr,asr,asr,asr,asr,asr,asr,honest_rej,honest_rej,honest_rej,honest_rej,honest_rej,honest_rej,honest_rej,honest_rej,macro_f1,macro_f1,macro_f1,macro_f1,macro_f1,macro_f1,macro_f1,macro_f1,epsilon
scenario,adaptive,adaptive_f30,backdoor,backdoor_boost,labelflip,none,signflip,targeted_flip,adaptive,adaptive_f30,backdoor,backdoor_boost,labelflip,none,signflip,targeted_flip,adaptive,adaptive_f30,backdoor,backdoor_boost,labelflip,none,signflip,targeted_flip,"RDP, delta=1e-05"
arm,,,,,,,,,,,,,,,,,,,,,,,,,
faithful_root_t-0.3,0.0,0.0069517409896151395,0.9995723885155773,0.8715780900020362,0.0,4.0724903278354715e-06,0.0,0.0,0.016666666666666666,0.022857142857142854,0.00375,0.00875,0.009583333333333333,0.009000000000000001,0.01125,0.009583333333333333,0.6788692868278897,0.6461003949422607,0.6928183460612795,0.6892437426572695,0.6946017566899112,0.7080651824280254,0.6959920413806973,0.6961487939699417,
faithful_root_t-0.3_clip,,2.8507432294845472e-05,0.9927957646100591,0.04787619629403378,,0.0,0.0,,,0.006666666666666666,0.0020833333333333333,0.007916666666666666,,0.004666666666666667,0.0075,,,0.655590131034115,0.6880482850187902,0.6804018060333942,,0.6972862313793478,0.6875872806167105,,
faithful_root_t-0.3_clipnoise_z0.5,,0.01170840969252694,0.9919934840154754,0.16246792913866828,,0.00170637344736304,0.01821624923640805,,,0.00380952380952381,0.0016666666666666666,0.0024999999999999996,,0.003,0.004583333333333333,,,0.6637841602369208,0.6850701295264129,0.6767633047161624,,0.6960438071366344,0.683826722281277,,112.56537912599764
faithful_root_t-0.3_all_z0.5,,0.00139686418244755,0.41099165139482796,0.00881694155976378,,0.00051720627163509,0.00119323966605579,,,0.003333333333333333,0.0020833333333333337,0.002916666666666667,,0.002,0.0029166666666666664,,,0.6487783328698888,0.6789306490682472,0.6761090853792553,,0.6888330937312881,0.6740274995304334,,112.56537912599764
faithful_root_t-0.3_all_z1.0,,0.00480961107717367,0.15043779271024227,0.00205253512522906,,0.0071309305640399005,0.015011199348401533,,,0.0,0.0,0.0,,0.0003333333333333334,0.00041666666666666664,,,0.6249700509595327,0.673688986784565,0.6672460105884792,,0.6795182171852835,0.6565217551905455,,41.285057226388886
faithful_root_t-0.3_all_z2.0,,0.05428222357971897,0.09117898594990834,0.02506210547749944,,0.024019547953573576,0.04979026674811645,,,0.0,0.0,0.0,,0.0,0.0,,,0.5318279094021976,0.6061745142429716,0.5877044321109458,,0.6149417711134975,0.5643054844277913,,16.891338818048375
trimmed_mean,9.36672775402e-05,3.665241295051e-05,0.05418448381185089,0.055740175117084054,0.0006760333944206599,0.0,0.00013846467114639002,0.0033312970881694006,,,,,,,,,0.6487647555449477,0.5971904270134203,0.6845050372926889,0.6878755063368981,0.6766975697357791,0.6895972370525006,0.6496066499927708,0.6753606280100309,
multi_krum,0.0,0.0,0.4009081653431073,0.00390959071472204,0.0,2.4434941967009998e-05,0.0,0.0,0.12541666666666668,0.001904761904761905,0.22749999999999998,0.125,0.125,0.3,0.125,0.12583333333333332,0.6831645442671223,0.6929133912061909,0.6826308894424263,0.6863421399685937,0.6855486532407653,0.6898132847856508,0.6855486532407653,0.6870886206223448,
fedavg,0.0029077580940745007,0.0,0.9995520260639381,1.0,0.00318468743636732,4.0724903278354715e-06,0.01724292404805538,0.13326002850743227,,,,,,,,,0.39296136070041465,0.04627528055026247,0.6928284508647995,0.704246838999893,0.6732348537588055,0.7056267268548112,0.09094322159418693,0.6888195716109532,
