arm,view,obs_topo_rho,obs_topo_rho_ci,obs_topo_b2_rho,obs_topo_b2_rho_ci,obs_attr_rho,obs_attr_rho_ci,obs_top3,obs_top3_ci,obs_nn_hit,obs_nn_hit_ci,obs_collude_topo_rho,obs_collude_topo_rho_ci,obs_collude_topo_b2_rho,obs_collude_topo_b2_rho_ci,obs_collude_attr_rho,obs_collude_attr_rho_ci,obs_collude_top3,obs_collude_top3_ci,obs_collude_nn_hit,obs_collude_nn_hit_ci,obs_bit_rho,obs_bit_rho_ci
faithful_prev_t0.0,server-1 share + accept bits,-0.019696969696969678,0.051924217117282914,-0.03944664031620554,0.07381070330178431,-0.02460714285714287,0.08741683326433346,0.11000000000000001,0.0711322177357068,0.23000000000000004,0.0895325393362659,0.23989459815546765,0.07096711412356181,0.2664690382081686,0.05222685987562574,0.8134999999999998,0.01943593777684281,0.7,0.09537429423067832,0.6,0.09537429423067831,0.22299049785034536,0.2041807801035298
faithful_root_t-0.3,server-1 share + accept bits,-0.03508563899868246,0.04620869320265019,0.008010540184453241,0.0640202420486152,0.00010714285714286814,0.060443462567830855,0.2,0.08259656167177905,0.29000000000000004,0.09802,0.23989459815546765,0.07096711412356181,0.2664690382081686,0.05222685987562574,0.8134999999999998,0.01943593777684281,0.7,0.09537429423067832,0.6,0.09537429423067831,-0.04023187840400133,0.24763643610097777
faithful_root_t-0.3_all_z0.5,server-1 share + accept bits,0.011699604743083018,0.08964099795569504,0.0016469038208168612,0.08523054776480139,0.015642857142857115,0.044086734743304885,0.21000000000000002,0.09203742934263213,0.32,0.08793075457426713,0.22196310935441366,0.0734191710830683,0.2671014492753622,0.05244387694639351,0.8133928571428571,0.02052100262162985,0.69,0.0626319439264023,0.5599999999999999,0.09655911350048732,0.3070745835303785,1.3738343867383764
faithful_root_t-0.3_all_z1.0,server-1 share + accept bits,0.011699604743083018,0.08964099795569504,0.0016469038208168612,0.08523054776480139,0.015642857142857115,0.044086734743304885,0.21000000000000002,0.09203742934263213,0.32,0.08793075457426713,0.2539393939393939,0.07256643494508809,0.26513833992094854,0.05304775998180846,0.8118571428571426,0.02102078161763559,0.69,0.07871991107718557,0.61,0.1036578622199011,-0.0580258853185659,
faithful_root_t-0.3_all_z2.0,server-1 share + accept bits,0.011699604743083018,0.08964099795569504,0.0016469038208168612,0.08523054776480139,0.015642857142857115,0.044086734743304885,0.21000000000000002,0.09203742934263213,0.32,0.08793075457426713,0.31163372859025024,0.10072845014127696,0.2867325428194993,0.071103418396137,0.8156071428571428,0.019605793923022908,0.69,0.09802,0.6199999999999999,0.1297230650270028,,
faithful_root_t-0.3_clip,server-1 share + accept bits,-0.03508563899868246,0.04620869320265019,0.008010540184453241,0.0640202420486152,0.00010714285714286814,0.060443462567830855,0.2,0.08259656167177905,0.29000000000000004,0.09802,0.2060474308300395,0.07309908035873804,0.27316205533596827,0.05245652085283311,0.8145357142857141,0.0196962021809292,0.7,0.09537429423067832,0.6,0.09537429423067831,0.27285911009324454,0.1869390322244164
faithful_root_t-0.3_clipnoise_z0.5,server-1 share + accept bits,0.011699604743083018,0.08964099795569504,0.0016469038208168612,0.08523054776480139,0.015642857142857115,0.044086734743304885,0.21000000000000002,0.09203742934263213,0.32,0.08793075457426713,0.2152305665349143,0.08674577057622034,0.2682608695652174,0.05556775316789574,0.8136071428571429,0.017584769520432548,0.6799999999999999,0.06573219606859335,0.6100000000000001,0.09802,-0.0036851268932582095,1.133884626237625
faithful_root_t-0.3_kappa1.5,server-1 share + accept bits,-0.03508563899868246,0.04620869320265019,0.008010540184453241,0.0640202420486152,0.00010714285714286814,0.060443462567830855,0.2,0.08259656167177905,0.29000000000000004,0.09802,0.09200263504611325,0.06287275590397406,0.2842951251646903,0.050194539513326975,0.8119999999999999,0.018022920890592938,0.69,0.07871991107718555,0.62,0.11583167787785859,-0.5507685176866542,0.168050751595549
faithful_root_t-0.3_kappa2.5,server-1 share + accept bits,-0.03508563899868246,0.04620869320265019,0.008010540184453241,0.0640202420486152,0.00010714285714286814,0.060443462567830855,0.2,0.08259656167177905,0.29000000000000004,0.09802,0.23898550724637677,0.07021346322481016,0.2664690382081686,0.05222685987562574,0.8134999999999998,0.01943593777684281,0.7,0.09537429423067832,0.6,0.09537429423067831,-0.3486095110480077,0.24940703176660106
faithful_root_t-0.3_kappa5.0,server-1 share + accept bits,-0.03508563899868246,0.04620869320265019,0.008010540184453241,0.0640202420486152,0.00010714285714286814,0.060443462567830855,0.2,0.08259656167177905,0.29000000000000004,0.09802,0.23989459815546765,0.07096711412356181,0.2664690382081686,0.05222685987562574,0.8134999999999998,0.01943593777684281,0.7,0.09537429423067832,0.6,0.09537429423067831,-0.02315005537107975,0.2698576493885855
faithful_root_t0.0,server-1 share + accept bits,-0.03508563899868246,0.04620869320265019,0.008010540184453241,0.0640202420486152,0.00010714285714286814,0.060443462567830855,0.2,0.08259656167177905,0.29000000000000004,0.09802,0.24279314888010534,0.07099300235993149,0.26631093544137013,0.05212560874593813,0.8133928571428569,0.01937669303794468,0.7,0.09537429423067832,0.6,0.09537429423067831,-0.08152747053102466,0.2881468744365539
fedavg,plaintext updates,0.23989459815546765,0.07096711412356181,0.2664690382081686,0.05222685987562574,0.8134999999999998,0.01943593777684281,0.7,0.09537429423067832,0.6,0.09537429423067831,,,,,,,,,,,,
multi_krum,plaintext updates,0.030487483530961777,0.07389351234008831,0.3138866930171278,0.06753722992685217,0.808642857142857,0.019051578908267936,0.6599999999999999,0.06032,0.6399999999999999,0.11284838678510206,,,,,,,,,,,,
secure_norm_only,server-1 share + accept bits,-0.021040843214756234,0.052245351808464444,0.0046903820816864275,0.06305648157253464,-0.010428571428571409,0.05659804068253632,0.19,0.07113221773570678,0.30999999999999994,0.11897919313896861,0.23989459815546765,0.07096711412356181,0.2664690382081686,0.05222685987562574,0.8134999999999998,0.01943593777684281,0.7,0.09537429423067832,0.6,0.09537429423067831,,
trimmed_mean,plaintext updates,0.20824769433465082,0.06150118432651488,0.2699077733860342,0.06430115495147111,0.8110714285714284,0.019793507505941336,0.69,0.09802,0.5700000000000001,0.08293999999999997,,,,,,,,,,,,
