,byz_rej,byz_rej,byz_rej,byz_rej,byz_rej,byz_rej,byz_rej,honest_rej,honest_rej,honest_rej,honest_rej,honest_rej,honest_rej,honest_rej,honest_rej
scenario,adaptive,adaptive_f30,backdoor,backdoor_boost,labelflip,signflip,targeted_flip,adaptive,adaptive_f30,backdoor,backdoor_boost,labelflip,none,signflip,targeted_flip
arm,,,,,,,,,,,,,,,
multi_krum,0.9983333333333334,0.9955555555555555,0.59,1.0,1.0,1.0,0.9966666666666667,0.12541666666666668,0.001904761904761905,0.22749999999999998,0.125,0.125,0.3,0.125,0.12583333333333332
secure_norm_only,0.0,0.0,0.0,0.6983333333333334,0.14333333333333334,0.9949999999999999,0.045,0.0,0.0,0.00041666666666666664,0.0,0.0,0.0,0.0,0.0
faithful_prev_t0.0,0.2866666666666667,0.4166666666666667,,,,,,0.845,0.9657142857142856,,,,0.21233333333333335,,
faithful_root_t-0.3,0.0,0.0,0.0,0.73,0.9016666666666667,1.0,0.8666666666666666,0.016666666666666666,0.022857142857142854,0.00375,0.00875,0.009583333333333333,0.009000000000000001,0.01125,0.009583333333333333
faithful_root_t0.0,0.0,0.0,0.15,0.7966666666666666,0.9733333333333333,1.0,0.9666666666666666,0.12208333333333335,0.09238095238095238,0.16125,0.17958333333333334,0.17416666666666666,0.16466666666666668,0.17708333333333331,0.17625
faithful_root_t-0.3_kappa1.5,,0.0,,,,1.0,,,0.3028571428571428,,,,0.43466666666666665,0.38708333333333333,
faithful_root_t-0.3_kappa2.5,,0.0,,,,1.0,,,0.056666666666666664,,,,0.09233333333333334,0.04791666666666667,
faithful_root_t-0.3_kappa5.0,,0.0,,,,1.0,,,0.010952380952380953,,,,0.008333333333333335,0.01125,
faithful_root_t-0.3_clip,,0.0,0.0016666666666666666,0.9083333333333334,,1.0,,,0.006666666666666666,0.0020833333333333333,0.007916666666666666,,0.004666666666666667,0.0075,
faithful_root_t-0.3_clipnoise_z0.5,,0.0,0.0,0.865,,1.0,,,0.00380952380952381,0.0016666666666666666,0.0024999999999999996,,0.003,0.004583333333333333,
faithful_root_t-0.3_all_z0.5,,0.0,0.07333333333333333,0.9216666666666666,,1.0,,,0.003333333333333333,0.0020833333333333337,0.002916666666666667,,0.002,0.0029166666666666664,
faithful_root_t-0.3_all_z1.0,,0.0,0.026666666666666665,0.885,,1.0,,,0.0,0.0,0.0,,0.0003333333333333334,0.00041666666666666664,
faithful_root_t-0.3_all_z2.0,,0.0,0.0,0.7416666666666667,,0.9966666666666667,,,0.0,0.0,0.0,,0.0,0.0,
