scenario,arm,n,macro_f1,f1_ci95,bal_acc,asr,asr_ci95,fpr,honest_rej,byz_rej
adaptive,faithful_prev_t0.0,10,0.0116511510523785,0.009271114136407651,0.07446702694046112,0.0,0.0,0.976659678546471,0.845,0.2866666666666667
adaptive,faithful_root_t-0.3,10,0.6788692868278897,0.01720931773776191,0.6919168921681461,0.0,0.0,0.0,0.016666666666666666,0.0
adaptive,faithful_root_t0.0,10,0.6765155424918479,0.019300759632195793,0.6894332248827387,0.0,0.0,0.0,0.12208333333333335,0.0
adaptive,fedavg,10,0.39296136070041465,0.06178443735761167,0.46070787145575504,0.0029077580940745007,0.005918029773922649,0.021932714385544554,,
adaptive,multi_krum,10,0.6831645442671223,0.020881484328250176,0.7004646843265769,0.0,0.0,0.0,0.12541666666666668,0.9983333333333334
adaptive,secure_norm_only,10,0.3980516329695676,0.0632555609615148,0.467191922104721,0.0026796986357157265,0.005918565083859279,0.02143855445742235,0.0,0.0
adaptive,trimmed_mean,10,0.6487647555449477,0.022989446777569814,0.6704976572148765,9.36672775402e-05,0.00018323878111776477,0.0,,
adaptive_f30,faithful_prev_t0.0,10,0.01719574381262331,0.019951311960783306,0.07301484467378369,0.0,0.0,0.8142557651991614,0.9657142857142856,0.4166666666666667
adaptive_f30,faithful_root_t-0.3,10,0.6461003949422607,0.030762968875129245,0.6647196728257405,0.0069517409896151395,0.011085457510590606,0.0,0.022857142857142854,0.0
adaptive_f30,faithful_root_t-0.3_all_z0.5,10,0.6487783328698888,0.029576275001881303,0.6675390152544536,0.00139686418244755,0.002960663448092303,0.0,0.003333333333333333,0.0
adaptive_f30,faithful_root_t-0.3_all_z1.0,10,0.6249700509595327,0.03434236578955117,0.6452533481418812,0.00480961107717367,0.006994786389692543,0.0,0.0,0.0
adaptive_f30,faithful_root_t-0.3_all_z2.0,10,0.5318279094021976,0.04671643567121631,0.5581602771931544,0.05428222357971897,0.05717953573789791,0.005924927623040811,0.0,0.0
adaptive_f30,faithful_root_t-0.3_clip,10,0.655590131034115,0.025490441752461814,0.6744388020831168,2.8507432294845472e-05,5.501535549518962e-05,0.0,0.006666666666666666,0.0
adaptive_f30,faithful_root_t-0.3_clipnoise_z0.5,10,0.6637841602369208,0.018301750462327793,0.6789202656345702,0.01170840969252694,0.015138518450951972,0.0,0.00380952380952381,0.0
adaptive_f30,faithful_root_t-0.3_kappa1.5,10,0.6428207394469622,0.025435541370571222,0.6630634711412381,8.144980655670001e-05,0.00018423946243125537,0.0,0.3028571428571428,0.0
adaptive_f30,faithful_root_t-0.3_kappa2.5,10,0.6532596843934344,0.032048195894789945,0.6720027095912832,0.0,0.0,0.0,0.056666666666666664,0.0
adaptive_f30,faithful_root_t-0.3_kappa5.0,10,0.6282919957395176,0.031635892642781105,0.6522566298159196,0.00518020769700671,0.010495234932551516,0.0,0.010952380952380953,0.0
adaptive_f30,faithful_root_t0.0,10,0.6401513634953443,0.027997933221575108,0.6590323490257326,0.00690694359600894,0.0110277933798534,0.0,0.09238095238095238,0.0
adaptive_f30,fedavg,10,0.04627528055026247,0.02590010954839794,0.10979369662469199,0.0,0.0,0.8394629130478186,,
adaptive_f30,multi_krum,10,0.6929133912061909,0.011442498905197506,0.7060123908436161,0.0,0.0,0.0,0.001904761904761905,0.9955555555555555
adaptive_f30,secure_norm_only,10,0.03949146140951465,0.023122203273877272,0.10407541547308008,0.00577886377519853,0.013071789859499073,0.8437406409104522,0.0,0.0
adaptive_f30,trimmed_mean,10,0.5971904270134203,0.030434746549241727,0.6364020797026642,3.665241295051e-05,8.290775809405361e-05,0.0,,
backdoor,faithful_root_t-0.3,10,0.6928183460612795,0.011081732973748828,0.7070127267110377,0.9995723885155773,0.0005733584826991192,0.0,0.00375,0.0
backdoor,faithful_root_t-0.3_all_z0.5,10,0.6789306490682472,0.008411954570683512,0.694334338682945,0.41099165139482796,0.19275118679176595,0.0,0.0020833333333333337,0.07333333333333333
backdoor,faithful_root_t-0.3_all_z1.0,10,0.673688986784565,0.010916050951476563,0.6874906081471311,0.15043779271024227,0.0690893944484672,0.0,0.0,0.026666666666666665
backdoor,faithful_root_t-0.3_all_z2.0,10,0.6061745142429716,0.017702095152787343,0.624454649664033,0.09117898594990834,0.034017509023950517,0.0001547369471897767,0.0,0.0
backdoor,faithful_root_t-0.3_clip,10,0.6880482850187902,0.012380429543368682,0.7026986266236497,0.9927957646100591,0.009063627121816811,0.0,0.0020833333333333333,0.0016666666666666666
backdoor,faithful_root_t-0.3_clipnoise_z0.5,10,0.6850701295264129,0.008514036768504431,0.6993612031332377,0.9919934840154754,0.007483315682917196,0.0,0.0016666666666666666,0.0
backdoor,faithful_root_t0.0,10,0.6960685343633889,0.007690170318621707,0.7075916195726017,0.9997882305029526,0.0003800179284812283,0.0,0.16125,0.15
backdoor,fedavg,10,0.6928284508647995,0.011156586396783772,0.7070328887989323,0.9995520260639381,0.0005756152428841504,0.0,,
backdoor,multi_krum,10,0.6826308894424263,0.016868555740264822,0.6971743915919625,0.4009081653431073,0.3688292488438199,0.0,0.22749999999999998,0.59
backdoor,secure_norm_only,10,0.6927899853946639,0.011136192825185347,0.7069928735508035,0.999556098554266,0.0005748694411898249,0.0,0.00041666666666666664,0.0
backdoor,trimmed_mean,10,0.6845050372926889,0.012704601140510507,0.70200756608509,0.05418448381185089,0.05072166134169833,0.0,,
backdoor_boost,faithful_root_t-0.3,10,0.6892437426572695,0.011539584935026576,0.7043776650809934,0.8715780900020362,0.07551157153101852,0.0,0.00875,0.73
backdoor_boost,faithful_root_t-0.3_all_z0.5,10,0.6761090853792553,0.00860036945049152,0.6934573867801713,0.00881694155976378,0.017331605173482353,0.0,0.002916666666666667,0.9216666666666666
backdoor_boost,faithful_root_t-0.3_all_z1.0,10,0.6672460105884792,0.014724497424825709,0.6827558553575841,0.00205253512522906,0.0019224475415605435,0.0,0.0,0.885
backdoor_boost,faithful_root_t-0.3_all_z2.0,10,0.5877044321109458,0.022490984454326842,0.611080279611597,0.02506210547749944,0.022047819282462338,0.0001547369471897767,0.0,0.7416666666666667
backdoor_boost,faithful_root_t-0.3_clip,10,0.6804018060333942,0.012883747893190346,0.6989071351041899,0.04787619629403378,0.048363028895118995,0.0,0.007916666666666666,0.9083333333333334
backdoor_boost,faithful_root_t-0.3_clipnoise_z0.5,10,0.6767633047161624,0.014081051277953291,0.6953010639823619,0.16246792913866828,0.20358454031245318,4.9915144254766895e-06,0.0024999999999999996,0.865
backdoor_boost,faithful_root_t0.0,10,0.6819085877511686,0.017924698813471352,0.6996603334849029,0.7563184687436367,0.12715435189431137,0.0,0.17958333333333334,0.7966666666666666
backdoor_boost,fedavg,10,0.704246838999893,0.007377030880252199,0.7135066838326216,1.0,0.0,0.0,,
backdoor_boost,multi_krum,10,0.6863421399685937,0.015614397522620236,0.7043131124339306,0.00390959071472204,0.008393012483166165,0.0,0.125,1.0
backdoor_boost,secure_norm_only,10,0.6883145669205063,0.01508574944647404,0.7050800330937539,0.9007249032783546,0.07076226460302404,0.0,0.0,0.6983333333333334
backdoor_boost,trimmed_mean,10,0.6878755063368981,0.011697803431250637,0.7041061476137171,0.055740175117084054,0.053964215986377455,0.0,,
labelflip,faithful_root_t-0.3,10,0.6946017566899112,0.01036277477427711,0.7083140654910285,0.0,0.0,0.0,0.009583333333333333,0.9016666666666667
labelflip,faithful_root_t0.0,10,0.6868675853916408,0.014445156269196782,0.7013927914844864,0.0,0.0,0.0,0.17416666666666666,0.9733333333333333
labelflip,fedavg,10,0.6732348537588055,0.01459628154511681,0.6919993163132282,0.00318468743636732,0.006276844977439852,0.0,,
labelflip,multi_krum,10,0.6855486532407653,0.021943536056868582,0.7018561253152781,0.0,0.0,0.0,0.125,1.0
labelflip,secure_norm_only,10,0.6768875502787902,0.017039130337699906,0.6942353539448792,0.00313989004276114,0.006298883049210334,0.0,0.0,0.14333333333333334
labelflip,trimmed_mean,10,0.6766975697357791,0.012942112964267158,0.696379168457603,0.0006760333944206599,0.0011047712650883875,0.0,,
none,centralized,10,0.7155228811373913,0.00479314667165148,0.7181508318221952,0.007827326410099771,0.017705412339645676,0.0,,
none,faithful_prev_t0.0,10,0.6695506718458575,0.031258324817902285,0.6902573841078399,8.144980655670943e-06,1.842394624312767e-05,0.0,0.21233333333333335,
none,faithful_root_t-0.3,10,0.7080651824280254,0.005725885155716862,0.7166730602728252,4.0724903278354715e-06,9.211973121563835e-06,0.0,0.009000000000000001,
none,faithful_root_t-0.3_all_z0.5,10,0.6888330937312881,0.01241250039442702,0.7012101900488871,0.00051720627163509,0.000982423330276273,0.0,0.002,
none,faithful_root_t-0.3_all_z1.0,10,0.6795182171852835,0.017631159781922482,0.6910752744763549,0.0071309305640399005,0.014584857717489677,0.0,0.0003333333333333334,
none,faithful_root_t-0.3_all_z2.0,10,0.6149417711134975,0.03062399303663795,0.633700274604982,0.024019547953573576,0.025606438318094792,0.00015473694718977338,0.0,
none,faithful_root_t-0.3_clip,10,0.6972862313793478,0.0063318422235664916,0.7083641324481016,0.0,0.0,0.0,0.004666666666666667,
none,faithful_root_t-0.3_clipnoise_z0.5,10,0.6960438071366344,0.011626178007485269,0.7069923654722279,0.00170637344736304,0.002540027935667904,0.0,0.003,
none,faithful_root_t-0.3_kappa1.5,10,0.6881422415745987,0.015579218822071753,0.7047060867909212,3.665241295051e-05,8.290775809405362e-05,0.0,0.43466666666666665,
none,faithful_root_t-0.3_kappa2.5,10,0.7032921010312261,0.005778613039144257,0.7125356600477515,8.144980655670943e-06,1.842394624312767e-05,0.0,0.09233333333333334,
none,faithful_root_t-0.3_kappa5.0,10,0.7080834098190343,0.005727463430446359,0.7166930272462914,4.0724903278354715e-06,9.211973121563835e-06,0.0,0.008333333333333335,
none,faithful_root_t0.0,10,0.7005116480574428,0.014291448854150046,0.7116449645565165,0.0,0.0,0.0,0.16466666666666668,
none,fedavg,10,0.7056267268548112,0.008101344087354051,0.7154337710643313,4.0724903278354715e-06,9.211973121563835e-06,0.0,,
none,local_only,10,0.5358269568824519,0.018697216864878415,0.5949400661189543,0.0043253919771939955,0.004016891287111911,1.4974543276430071e-06,,
none,multi_krum,10,0.6898132847856508,0.017366487640271495,0.7027317805234086,2.4434941967009998e-05,5.5271838729376614e-05,0.0,0.3,
none,secure_norm_only,10,0.7056005046684567,0.008066466316307811,0.7154471663665465,4.0724903278354715e-06,9.211973121563835e-06,0.0,0.0,
none,trimmed_mean,10,0.6895972370525006,0.012303883931811706,0.7050168007153239,0.0,0.0,0.0,,
signflip,faithful_root_t-0.3,10,0.6959920413806973,0.012646722724507266,0.7083932864099307,0.0,0.0,0.0,0.01125,1.0
signflip,faithful_root_t-0.3_all_z0.5,10,0.6740274995304334,0.016886067076120725,0.6908866527860472,0.00119323966605579,0.002699108124618197,0.0,0.0029166666666666664,1.0
signflip,faithful_root_t-0.3_all_z1.0,10,0.6565217551905455,0.029352821741218442,0.6687121459152836,0.015011199348401533,0.02178497452024525,0.0,0.00041666666666666664,1.0
signflip,faithful_root_t-0.3_all_z2.0,10,0.5643054844277913,0.039540584382485415,0.5918179523134912,0.04979026674811645,0.07052936222030143,0.0007087950484176701,0.0,0.9966666666666667
signflip,faithful_root_t-0.3_clip,10,0.6875872806167105,0.01077395455792765,0.7040113300850982,0.0,0.0,0.0,0.0075,1.0
signflip,faithful_root_t-0.3_clipnoise_z0.5,10,0.683826722281277,0.013428139815630359,0.6995488887467677,0.01821624923640805,0.019099663970968045,0.0,0.004583333333333333,1.0
signflip,faithful_root_t-0.3_kappa1.5,10,0.6829823409507126,0.016847265029130167,0.7006538052582572,0.0,0.0,0.0,0.38708333333333333,1.0
signflip,faithful_root_t-0.3_kappa2.5,10,0.6932129174689938,0.011217273989489206,0.7073705953016927,0.0,0.0,0.0,0.04791666666666667,1.0
signflip,faithful_root_t-0.3_kappa5.0,10,0.6959920413806973,0.012646722724507266,0.7083932864099307,0.0,0.0,0.0,0.01125,1.0
signflip,faithful_root_t0.0,10,0.6840649862118692,0.021208752270871215,0.7005440864109461,0.0,0.0,0.0,0.17708333333333331,1.0
signflip,fedavg,10,0.09094322159418693,0.03248976256596923,0.16662971828269385,0.01724292404805538,0.03450756767730154,0.7285265049415992,,
signflip,multi_krum,10,0.6855486532407653,0.021943536056868582,0.7018561253152781,0.0,0.0,0.0,0.125,1.0
signflip,secure_norm_only,10,0.6908209571072701,0.01356433495668564,0.7057465066051786,0.0,0.0,0.0,0.0,0.9949999999999999
signflip,trimmed_mean,10,0.6496066499927708,0.02294992720683561,0.6713619812103597,0.00013846467114639002,0.00021283003025332085,0.0,,
targeted_flip,faithful_root_t-0.3,10,0.6961487939699417,0.012495609240416265,0.7083717508827596,0.0,0.0,0.0,0.009583333333333333,0.8666666666666666
targeted_flip,faithful_root_t0.0,10,0.6912365798625251,0.014143022140684388,0.7054548280897636,0.0,0.0,0.0,0.17625,0.9666666666666666
targeted_flip,fedavg,10,0.6888195716109532,0.01396896744789165,0.7033029075022584,0.13326002850743227,0.11075621836482116,0.0,,
targeted_flip,multi_krum,10,0.6870886206223448,0.022319320312966417,0.7033652097097661,0.0,0.0,0.0,0.12583333333333332,0.9966666666666667
targeted_flip,secure_norm_only,10,0.6885595469467207,0.013704401562375715,0.7036674865955541,0.11218896355121155,0.11267357832584997,0.0,0.0,0.045
targeted_flip,trimmed_mean,10,0.6753606280100309,0.014416955934741004,0.6960327881675142,0.0033312970881694006,0.007173582182274097,0.0,,
