class,Local-only (site 0),FedAvg,PVBRF-ID (tau=-0.3),Centralized
Backdoor,0.61,0.77,0.74,0.85
DDoS_HTTP,0.54,0.72,0.69,0.68
DDoS_ICMP,0.77,0.99,0.99,0.99
DDoS_TCP,0.69,0.84,0.8,0.71
DDoS_UDP,0.82,1.0,1.0,1.0
Fingerprinting,0.14,0.11,0.1,0.1
MITM,0.73,1.0,1.0,1.0
Normal,1.0,1.0,1.0,1.0
Password,0.38,0.61,0.62,0.58
Port_Scanning,0.64,0.69,0.73,0.82
Ransomware,0.53,0.6,0.63,0.52
SQL_injection,0.6,0.49,0.49,0.54
Uploading,0.39,0.43,0.43,0.42
Vulnerability_scanner,0.81,0.8,0.79,0.79
XSS,0.49,0.69,0.74,0.76
